,antecedents,consequents,antecedent support,consequent support,support,confidence,lift,leverage,conviction
0,frozenset({'canada_total_cases'}),frozenset({'canada_total_tests'}),0.4,0.35555555555555557,0.35555555555555557,0.8888888888888888,2.4999999999999996,0.21333333333333335,5.799999999999997
1,frozenset({'canada_total_tests'}),frozenset({'canada_total_cases'}),0.35555555555555557,0.4,0.35555555555555557,1.0,2.5,0.21333333333333335,inf
2,frozenset({'total_cases'}),frozenset({'total_deaths'}),0.4222222222222222,0.4444444444444444,0.35555555555555557,0.8421052631578948,1.8947368421052635,0.16790123456790126,3.51851851851852
3,frozenset({'total_deaths'}),frozenset({'total_cases'}),0.4444444444444444,0.4222222222222222,0.35555555555555557,0.8,1.8947368421052633,0.16790123456790126,2.8888888888888893
4,frozenset({'total_tests'}),frozenset({'total_deaths'}),0.37777777777777777,0.4444444444444444,0.35555555555555557,0.9411764705882354,2.11764705882353,0.18765432098765436,9.44444444444446
5,frozenset({'total_deaths'}),frozenset({'total_tests'}),0.4444444444444444,0.37777777777777777,0.35555555555555557,0.8,2.1176470588235294,0.18765432098765436,3.111111111111112
