,antecedents,consequents,antecedent support,consequent support,support,confidence,lift,leverage,conviction
0,frozenset({'canada_inflation_rate'}),frozenset({'canada_unemployment_rates'}),0.6,0.6222222222222222,0.4222222222222222,0.7037037037037037,1.130952380952381,0.04888888888888887,1.2750000000000001
1,frozenset({'canada_unemployment_rates'}),frozenset({'inflation_rate'}),0.6222222222222222,0.6888888888888889,0.4444444444444444,0.7142857142857142,1.0368663594470044,0.015802469135802466,1.0888888888888886
2,frozenset({'canada_inflation_rate'}),frozenset({'inflation_rate'}),0.6,0.6888888888888889,0.4222222222222222,0.7037037037037037,1.021505376344086,0.00888888888888889,1.05
