,antecedents,consequents,antecedent support,consequent support,support,confidence,lift,leverage,conviction
0,frozenset({'canada_inflation_rate'}),frozenset({'canada_unemployment_rates'}),0.6,0.6222222222222222,0.4222222222222222,0.7037037037037037,1.130952380952381,0.04888888888888887,1.2750000000000001
1,frozenset({'canada_inflation_rate'}),frozenset({'inflation_rate'}),0.6,0.5111111111111111,0.4222222222222222,0.7037037037037037,1.3768115942028987,0.11555555555555558,1.6500000000000001
2,frozenset({'inflation_rate'}),frozenset({'canada_inflation_rate'}),0.5111111111111111,0.6,0.4222222222222222,0.8260869565217392,1.376811594202899,0.11555555555555558,2.3000000000000016
