,antecedents,consequents,antecedent support,consequent support,support,confidence,lift,leverage,conviction
0,frozenset({'unemployment_rates'}),frozenset({'canada_unemployment_rates'}),0.5777777777777777,0.6222222222222222,0.4666666666666667,0.8076923076923078,1.2980769230769234,0.10716049382716053,1.9644444444444458
1,frozenset({'canada_unemployment_rates'}),frozenset({'unemployment_rates'}),0.6222222222222222,0.5777777777777777,0.4666666666666667,0.75,1.2980769230769231,0.10716049382716053,1.688888888888889
2,frozenset({'canada_inflation_rate'}),frozenset({'canada_unemployment_rates'}),0.6,0.6222222222222222,0.4222222222222222,0.7037037037037037,1.130952380952381,0.04888888888888887,1.2750000000000001
