,support,itemsets
0,0.7555555555555555,frozenset({0})
1,0.7333333333333333,frozenset({3})
2,0.6888888888888889,frozenset({2})
3,0.5333333333333333,frozenset({13})
4,0.6,"frozenset({0, 3})"
5,0.5777777777777777,"frozenset({0, 2})"
6,0.5555555555555556,"frozenset({2, 3})"
