,support,itemsets
0,0.9777777777777777,frozenset({1})
1,0.8,frozenset({3})
2,0.7555555555555555,frozenset({0})
3,0.6888888888888889,frozenset({2})
4,0.8,"frozenset({1, 3})"
5,0.7555555555555555,"frozenset({0, 1})"
6,0.6,"frozenset({0, 3})"
7,0.6,"frozenset({0, 1, 3})"
8,0.6888888888888889,"frozenset({1, 2})"
9,0.5777777777777777,"frozenset({0, 2})"
10,0.5777777777777777,"frozenset({2, 3})"
11,0.5777777777777777,"frozenset({0, 1, 2})"
12,0.5777777777777777,"frozenset({1, 2, 3})"
