,support,itemsets
0,0.7555555555555555,frozenset({0})
1,0.9777777777777777,frozenset({1})
2,0.6888888888888889,frozenset({2})
3,0.8,frozenset({3})
4,0.7555555555555555,"frozenset({0, 1})"
5,0.5777777777777777,"frozenset({0, 2})"
6,0.6,"frozenset({0, 3})"
7,0.6888888888888889,"frozenset({1, 2})"
8,0.8,"frozenset({1, 3})"
9,0.5777777777777777,"frozenset({2, 3})"
10,0.5777777777777777,"frozenset({0, 1, 2})"
11,0.6,"frozenset({0, 1, 3})"
12,0.5777777777777777,"frozenset({1, 2, 3})"
