,support,itemsets
0,0.7555555555555555,frozenset({3})
1,0.7555555555555555,frozenset({0})
2,0.6888888888888889,frozenset({2})
3,0.5777777777777777,"frozenset({0, 3})"
4,0.5777777777777777,"frozenset({0, 2})"
