,support,itemsets
0,0.4666666666666667,frozenset({2})
1,0.4222222222222222,frozenset({3})
2,0.4,frozenset({4})
3,0.35555555555555557,frozenset({6})
4,0.35555555555555557,"frozenset({4, 6})"
