,support,itemsets
0,0.5333333333333333,frozenset({3})
1,0.4888888888888889,frozenset({1})
2,0.4666666666666667,frozenset({2})
3,0.4,frozenset({4})
4,0.35555555555555557,frozenset({6})
5,0.28888888888888886,frozenset({5})
6,0.3333333333333333,frozenset({7})
7,0.28888888888888886,"frozenset({1, 3})"
8,0.35555555555555557,"frozenset({4, 6})"
9,0.28888888888888886,"frozenset({4, 5})"
