,support,itemsets
0,0.4888888888888889,frozenset({1})
1,0.4666666666666667,frozenset({2})
2,0.5333333333333333,frozenset({3})
3,0.4,frozenset({4})
4,0.35555555555555557,frozenset({6})
5,0.35555555555555557,"frozenset({4, 6})"
