,support,itemsets
0,0.4666666666666667,frozenset({2})
1,0.4222222222222222,frozenset({5})
2,0.4,frozenset({4})
3,0.35555555555555557,frozenset({6})
4,0.4444444444444444,frozenset({11})
5,0.37777777777777777,frozenset({7})
6,0.35555555555555557,"frozenset({11, 5})"
7,0.35555555555555557,"frozenset({4, 6})"
8,0.35555555555555557,"frozenset({11, 7})"
