,support,itemsets
0,0.4666666666666667,frozenset({2})
1,0.5333333333333333,frozenset({3})
2,0.6,frozenset({5})
3,0.4,frozenset({4})
4,0.35555555555555557,frozenset({6})
5,0.5555555555555556,frozenset({7})
6,0.37777777777777777,"frozenset({4, 5})"
7,0.37777777777777777,"frozenset({4, 7})"
8,0.35555555555555557,"frozenset({4, 5, 7})"
9,0.35555555555555557,"frozenset({4, 6})"
10,0.5333333333333333,"frozenset({5, 7})"
